lifetime_value,ltv_percentile,guest_id,generation,booking_channel,loyalty_tier,total_visits,party_composition,num_children,dietary_flag,room_revenue,amount
4102191.05999994,0,G0550,Millennial,Direct,Platinum,24,Family,1,None,4038521.47999994,63669.58
3559548.22000001,0.001669449,G0223,Gen X,Direct,Platinum,21,Family,3,Vegetarian,3496494.59000001,63053.63
3330263.87000001,0.003338898,G0176,Boomer,OTA,Platinum,22,Family,1,Vegan,3277585.39000001,52678.480000000
3145885.89999997,0.005008347,G0132,Boomer,Direct,Platinum,12,Family,3,Vegetarian,3101109.21999997,44776.680000000
2888379.25000005,0.006677796,G0149,Gen X,Corporate,Platinum,25,Family,2,None,2827106.22000005,61273.030000000
2797880.71999996,0.008347245,G0073,Gen X,Direct,Platinum,18,Family,2,None,2744469.09999996,53411.62
2724961.46999998,0.010016694,G0178,Millennial,Corporate,Platinum,20,Family,3,None,2667671.82999998,57289.640000000
2629663.80999993,0.011686144,G0579,Millennial,Corporate,Platinum,16,Family,2,None,2581605.42999993,48058.38
2339889.90999998,0.013355593,G0203,Millennial,Direct,Platinum,17,Family,3,Halal,2291324.67999998,48565.230000000
2277338.99999999,0.015025042,G0250,Gen X,Corporate,Platinum,21,Family,1,None,2228669.11999999,48669.88
2226080.10999999,0.016694491,G0458,Boomer,Corporate,Platinum,15,Family,2,Vegetarian,2182678.33999999,43401.77
2197834.94999999,0.018363940,G0056,Millennial,Direct,Platinum,17,Family,2,None,2147346.70999999,50488.24
2183491.15999998,0.020033389,G0187,Millennial,OTA,Platinum,16,Family,3,Gluten-Free,2135831.73999998,47659.42
2130380.18000001,0.021702838,G0175,Boomer,Corporate,Platinum,22,Family,1,Gluten-Free,2082914.92000001,47465.260000000
1878002.41,0.023372287,G0134,Millennial,Direct,Platinum,15,Family,1,Nut Allergy,1842376.11,35626.3
1861489.66,0.025041736,G0446,Gen X,Direct,Platinum,13,Family,1,None,1828236.02,33253.64
1819797.24000001,0.026711185,G0113,Millennial,Corporate,Platinum,17,Family,3,None,1771097.00000001,48700.24
1784017.77000001,0.028380634,G0148,Boomer,OTA,Platinum,13,Family,3,Gluten-Free,1746287.74000001,37730.03
1725973.19,0.030050083,G0215,Gen X,Corporate,Platinum,13,Family,2,Gluten-Free,1692174.75,33798.44
1721009.73999999,0.031719533,G0197,Gen X,Corporate,Platinum,17,Family,2,Vegan,1681955.03999999,39054.7
1597309.39,0.033388982,G0260,Boomer,Direct,Platinum,14,Family,1,None,1565089.35,32220.04
1464893.15999999,0.035058431,G0520,Millennial,Corporate,Gold,9,Family,3,None,1439690.24999999,25202.91
1328463.56000001,0.036727880,G0389,Gen X,Direct,Platinum,11,Family,2,None,1299845.73000001,28617.83
1304211.39,0.038397329,G0305,Boomer,OTA,Platinum,9,Family,2,Gluten-Free,1278125.97,26085.42
1220773.37999999,0.040066778,G0064,Millennial,Direct,Platinum,8,Family,1,Gluten-Free,1201868.14999999,18905.23
1192175.34,0.041736227,G0165,Gen X,Corporate,Platinum,10,Family,1,Dairy-Free,1170146.95,22028.39
1173962.35,0.043405676,G0470,Millennial,Corporate,Gold,10,Family,3,Vegan,1148430.19,25532.16
1158549.58999999,0.045075125,G0432,Gen X,Travel Agent,Gold,10,Family,3,None,1132520.85999999,26028.73
1144247.65,0.046744574,G0269,Boomer,Direct,Gold,5,Family,1,None,1132138.98,12108.67
1130181.13000001,0.048414023,G0462,Millennial,Direct,Gold,9,Family,2,None,1107813.21000001,22367.92
1122862.8,0.050083472,G0442,Millennial,Direct,Gold,8,Family,1,None,1105823.56,17039.24
1113737.42,0.051752922,G0246,Gen X,Direct,Gold,5,Family,3,Halal,1096877.36,16860.06
1094363.76,0.053422371,G0070,Millennial,Corporate,Platinum,13,Family,2,None,1065143.3,29220.46
1052282.11,0.055091820,G0531,Boomer,Direct,Platinum,23,Couple,0,Vegan,1034510.75,17771.36
1033997.99,0.056761269,G0533,Millennial,Direct,Platinum,8,Family,2,None,1014116.28,19881.71
1029845.87,0.058430718,G0081,Millennial,OTA,Gold,5,Family,2,Gluten-Free,1016289.64,13556.23
1026448.65000001,0.060100167,G0364,Millennial,Corporate,Platinum,10,Family,1,None,1002322.84000001,24125.81
1024387.93,0.061769616,G0594,Millennial,Direct,Platinum,9,Family,1,None,1005040.36,19347.57
995174.100000001,0.063439065,G0088,Boomer,Corporate,Gold,9,Family,1,Vegetarian,975178.870000002,19995.23
975651.249999998,0.065108514,G0514,Millennial,Travel Agent,Gold,8,Family,3,Gluten-Free,956665.669999998,18985.58
946942.139999996,0.066777963,G0582,Millennial,OTA,Silver,5,Family,3,None,936351.359999996,10590.78
940037.379999997,0.068447412,G0375,Gen X,OTA,Platinum,21,Couple,0,Halal,924928.879999997,15108.5
938542.730000003,0.070116861,G0544,Gen X,Direct,Platinum,25,Group,0,None,921482.660000003,17060.07
935744.360000002,0.071786311,G0251,Millennial,Direct,Gold,8,Family,1,Gluten-Free,914629.440000003,21114.92
934431.259999999,0.073455760,G0173,Boomer,Direct,Platinum,20,Couple,0,Nut Allergy,918825.469999999,15605.79
934092.610000005,0.075125209,G0592,Boomer,Direct,Platinum,8,Family,1,None,915054.910000005,19037.7
930573.059999999,0.076794658,G0154,Gen Z,OTA,Platinum,19,Group,0,None,915271.459999999,15301.6
890140.629999995,0.078464107,G0422,Millennial,Direct,Gold,7,Family,2,Vegan,871187.019999995,18953.61
883643.83,0.080133556,G0055,Boomer,Direct,Gold,7,Family,3,Vegan,865575.22,18068.61
875717.540000001,0.081803005,G0321,Millennial,Direct,Gold,6,Family,1,Vegetarian,863007.140000001,12710.4
871627.720000011,0.083472454,G0131,Millennial,Travel Agent,Silver,5,Family,3,Dairy-Free,859103.300000011,12524.42
847499.350000004,0.085141903,G0164,Millennial,OTA,Silver,5,Family,3,Dairy-Free,835743.370000004,11755.98
847044.110000007,0.086811352,G0424,Gen X,Corporate,Gold,10,Family,2,Dairy-Free,824556.400000007,22487.71
840084.740000008,0.088480801,G0360,Millennial,Direct,Gold,7,Family,2,None,823303.590000008,16781.15
834774.050000006,0.090150250,G0381,Gen X,Direct,Gold,4,Family,2,None,824064.690000006,10709.36
829443.159999996,0.091819699,G0161,Millennial,Travel Agent,Silver,5,Family,3,None,816269.969999996,13173.19
811138.339999995,0.093489149,G0593,Boomer,Direct,Platinum,19,Solo,0,None,797507.219999995,13631.12
800707.640000002,0.095158598,G0450,Boomer,Direct,Platinum,20,Group,0,None,786083.910000002,14623.73
790230.149999999,0.096828047,G0098,Gen Z,Direct,Platinum,24,Solo,0,None,776370.729999998,13859.42
779769.68,0.098497496,G0496,Gen X,Direct,Silver,4,Family,3,None,769897.03,9872.65
776593.78,0.100166945,G0185,Gen Z,OTA,Platinum,18,Solo,0,Dairy-Free,762270.09,14323.69
767596.359999997,0.101836394,G0169,Millennial,Travel Agent,Silver,5,Family,3,None,755084.529999997,12511.83
764563.960000006,0.103505843,G0484,Millennial,Direct,Gold,4,Family,3,None,753660.370000006,10903.59
764029.159999997,0.105175292,G0580,Boomer,Travel Agent,Platinum,20,Group,0,Dairy-Free,750267.939999997,13761.22
757394.429999999,0.106844741,G0228,Gen X,Direct,Platinum,24,Couple,0,None,743177.639999999,14216.79
755035.730000002,0.108514190,G0313,Millennial,OTA,Platinum,23,Couple,0,Dairy-Free,740496.920000002,14538.81
748590.949999995,0.110183639,G0460,Gen X,OTA,Gold,4,Family,3,None,736023.849999995,12567.1
746817.290000001,0.111853088,G0564,Gen X,Direct,Silver,5,Family,2,None,734965.040000001,11852.25
744152.380000003,0.113522538,G0302,Millennial,Direct,Gold,8,Family,1,Gluten-Free,728006.810000003,16145.57
737205.24,0.115191987,G0222,Boomer,Corporate,Platinum,11,Family,1,Vegan,716531.5,20673.74
716687.940000002,0.116861436,G0394,Millennial,Corporate,Gold,6,Family,3,None,702927.420000002,13760.52
708256.84,0.118530885,G0130,Millennial,Direct,Platinum,25,Couple,0,None,692984.17,15272.67
706309.460000001,0.120200334,G0331,Boomer,Direct,Platinum,21,Group,0,Vegetarian,692620.100000001,13689.36
701541.370000003,0.121869783,G0376,Millennial,OTA,Gold,5,Family,2,Dairy-Free,687263.650000003,14277.72
690425.29,0.123539232,G0057,Gen Z,Direct,Platinum,17,Couple,0,None,679032.64,11392.65
647990.14,0.125208681,G0320,Gen X,Travel Agent,Gold,7,Family,3,None,630814.69,17175.45
646590.689999999,0.126878130,G0521,Gen X,Direct,Gold,4,Family,3,Dairy-Free,635246.919999999,11343.77
634705.75,0.128547579,G0295,Boomer,Direct,Gold,7,Family,1,None,619778.18,14927.57
630519.13,0.130217028,G0561,Millennial,Direct,Platinum,20,Solo,0,None,617414.85,13104.28
620886.65,0.131886477,G0438,Millennial,Direct,Gold,8,Family,3,Gluten-Free,601781.72,19104.93
616868.509999999,0.133555927,G0232,Boomer,Direct,Platinum,19,Group,0,None,604683.859999999,12184.65
615340.780000005,0.135225376,G0387,Gen X,OTA,Silver,5,Family,2,None,603502.400000005,11838.38
607657.389999999,0.136894825,G0491,Gen X,Direct,Platinum,15,Couple,0,Vegetarian,597559.969999999,10097.42
582021.560000002,0.138564274,G0126,Boomer,Travel Agent,Gold,7,Family,1,Halal,568660.710000002,13360.85
574416.04,0.140233723,G0508,Boomer,Travel Agent,Platinum,11,Couple,0,Gluten-Free,564990.54,9425.500000000
572812.729999999,0.141903172,G0281,Gen X,Direct,Silver,4,Family,3,Halal,562697.249999999,10115.48
572337.779999998,0.143572621,G0481,Millennial,Direct,Platinum,20,Solo,0,Kosher,560835.719999998,11502.06
563848.640000001,0.145242070,G0106,Boomer,Direct,Gold,5,Family,3,Nut Allergy,551223.140000001,12625.5
552332.209999997,0.146911519,G0077,Millennial,Corporate,Gold,5,Family,2,None,540268.599999997,12063.61
545850.080000001,0.148580968,G0367,Gen X,Direct,Silver,3,Family,1,Vegan,538054.790000001,7795.290000000
543265.430000001,0.150250417,G0230,Gen X,OTA,None,2,Family,3,None,537448.940000001,5816.490000000
537735.38,0.151919866,G0512,Millennial,Direct,Platinum,17,Couple,0,None,528224.47,9510.910000000
525549.45,0.153589316,G0545,Gen X,Direct,Silver,5,Family,1,Vegetarian,517347.9,8201.55
508866.000000002,0.155258765,G0506,Boomer,OTA,Silver,5,Family,3,None,499211.660000002,9654.34
508525.939999999,0.156928214,G0237,Millennial,Direct,Gold,8,Family,1,None,493270.189999999,15255.75
501847.859999999,0.158597663,G0012,Millennial,OTA,Gold,5,Family,2,None,489320.549999999,12527.31
494859.86,0.160267112,G0110,Millennial,OTA,Platinum,17,Couple,0,Vegan,485528.21,9331.65
488354.24,0.161936561,G0129,Gen X,OTA,Silver,5,Family,2,None,477755.67,10598.57
486550.150000001,0.163606010,G0339,Boomer,Travel Agent,Gold,6,Family,3,Vegan,472149.000000001,14401.15
485362.66,0.165275459,G0146,Millennial,OTA,Silver,4,Family,2,Dairy-Free,476074.22,9288.440000000
482840.099999999,0.166944908,G0062,Millennial,Direct,Silver,4,Family,2,None,474261.729999999,8578.37
481153.739999999,0.168614357,G0493,Gen X,Direct,Gold,5,Family,3,Vegan,469759.449999999,11394.29
480424.330000001,0.170283806,G0101,Millennial,Direct,Platinum,10,Solo,0,None,473482.620000001,6941.710000000
480196.729999999,0.171953255,G0486,Millennial,OTA,Silver,5,Family,1,None,470907.939999999,9288.79
477597.699999999,0.173622705,G0196,Millennial,Corporate,Platinum,23,Couple,0,None,467595.309999999,10002.39
475273.56,0.175292154,G0324,Millennial,Direct,Platinum,13,Couple,0,None,467427.49,7846.07
473467.249999999,0.176961603,G0147,Gen X,Direct,Gold,4,Family,3,None,462348.359999999,11118.89
461931.870000002,0.178631052,G0570,Gen X,Direct,None,2,Family,2,None,457037.560000002,4894.31
461620.97,0.180300501,G0581,Gen X,Direct,Platinum,16,Solo,0,None,451891.61,9729.36
459828.179999997,0.181969950,G0076,Millennial,OTA,Silver,3,Family,1,Gluten-Free,453814.979999997,6013.2
459143.94,0.183639399,G0283,Millennial,Direct,Gold,5,Family,2,Vegetarian,447625.17,11518.77
456161.51,0.185308848,G0060,Boomer,Direct,Silver,5,Family,1,Dairy-Free,447643.44,8518.070000000
455553.620000001,0.186978297,G0068,Gen X,Direct,Silver,4,Family,1,Gluten-Free,448458.760000001,7094.86
449838.72,0.188647746,G0072,Millennial,OTA,Silver,4,Family,2,Vegan,441718.52,8120.2
435933.520000001,0.190317195,G0538,Millennial,OTA,Silver,3,Family,1,Dairy-Free,429997.870000001,5935.65
426790.020000002,0.191986644,G0560,Millennial,OTA,Silver,4,Family,3,None,416473.550000002,10316.47
425974.089999999,0.193656093,G0177,Boomer,Direct,Silver,4,Family,2,Vegetarian,417101.889999999,8872.2
423249.01,0.195325543,G0489,Millennial,Direct,Silver,5,Family,1,Vegan,414448.7,8800.31
422238.46,0.196994992,G0181,Millennial,Corporate,Silver,4,Family,2,Vegetarian,414868.72,7369.74
418145.110000001,0.198664441,G0207,Gen X,Corporate,Silver,5,Family,1,None,409203.9,8941.21
416294.65,0.200333890,G0357,Gen X,Direct,Silver,3,Family,2,Gluten-Free,408423.99,7870.66
414415.990000001,0.202003339,G0264,Gen X,OTA,Platinum,16,Couple,0,Halal,406121.870000001,8294.12
410542.029999999,0.203672788,G0166,Millennial,OTA,Silver,4,Family,1,None,402900.479999999,7641.55
410328.360000002,0.205342237,G0004,Gen X,Direct,Silver,3,Family,2,Vegetarian,402403.290000002,7925.07
409329.65,0.207011686,G0359,Millennial,Travel Agent,None,2,Family,3,None,404495.91,4833.74
408222.720000001,0.208681135,G0452,Millennial,Direct,Platinum,12,Solo,0,None,400385.520000001,7837.2
404870.53,0.210350584,G0330,Millennial,OTA,Silver,3,Family,2,Nut Allergy,397990.009999999,6880.52
402457.400000002,0.212020033,G0123,Boomer,Direct,Silver,4,Family,3,Vegan,393701.060000002,8756.34
401843.500000002,0.213689482,G0206,Gen X,Direct,Gold,5,Family,3,None,386822.320000002,15021.18
401341.58,0.215358932,G0597,Gen X,Corporate,Platinum,22,Group,0,None,390441.75,10899.83
393329.260000001,0.217028381,G0587,Millennial,Direct,Gold,4,Family,1,None,384840.760000001,8488.5
383999.29,0.218697830,G0184,Boomer,Direct,Platinum,12,Group,0,Kosher,376087.579999999,7911.71
381387.499999999,0.220367279,G0211,Boomer,Corporate,Platinum,25,Couple,0,Vegan,370708.729999999,10678.77
377185.34,0.222036728,G0006,Gen X,Direct,Platinum,9,Solo,0,None,371392.72,5792.62
376182.9,0.223706177,G0180,Gen X,Direct,Platinum,17,Group,0,None,366305.33,9877.570000000
373002.079999999,0.225375626,G0417,Millennial,Direct,Gold,4,Family,2,Nut Allergy,362932.869999999,10069.21
372526.44,0.227045075,G0576,Gen X,OTA,Platinum,19,Couple,0,None,364852,7674.44
365489.37,0.228714524,G0007,Millennial,OTA,Silver,4,Family,2,Kosher,356694.4,8794.97
361988.88,0.230383973,G0584,Millennial,Corporate,Gold,5,Family,2,Dairy-Free,352615.62,9373.26
358298.37,0.232053422,G0316,Gen Z,OTA,Gold,10,Group,0,None,352165.4,6132.97
357477.870000001,0.233722871,G0138,Millennial,OTA,None,2,Family,3,Vegan,352941.330000001,4536.54
354958.350000001,0.235392321,G0566,Boomer,Corporate,Silver,5,Family,3,None,345475.700000001,9482.65
353060.38,0.237061770,G0408,Gen X,Corporate,Silver,4,Family,2,Nut Allergy,346402.22,6658.16
352259.79,0.238731219,G0286,Millennial,Direct,Gold,9,Solo,0,None,346446.2,5813.59
348159.750000001,0.240400668,G0194,Gen X,Travel Agent,Silver,3,Family,2,None,341625.360000001,6534.39
346491.4,0.242070117,G0385,Millennial,OTA,Platinum,10,Group,0,None,339546.94,6944.46
342709.24,0.243739566,G0448,Gen X,Direct,Silver,2,Family,1,Nut Allergy,338226.52,4482.72
338466.790000001,0.245409015,G0084,Millennial,Travel Agent,Gold,9,Solo,0,None,331392.480000001,7074.31
336111.280000001,0.247078464,G0312,Millennial,Direct,Platinum,14,Couple,0,Nut Allergy,328412.100000001,7699.18
335741,0.248747913,G0591,Millennial,Direct,Silver,4,Family,1,None,329150.05,6590.95
334021.020000002,0.250417362,G0140,Boomer,Direct,Silver,3,Family,2,None,327156.750000002,6864.27
331461.98,0.252086811,G0369,Gen X,Direct,Gold,7,Couple,0,Gluten-Free,328166.82,3295.16
330687.92,0.253756260,G0494,Gen X,Direct,Platinum,12,Solo,0,Halal,323890.22,6797.7
324822.919999999,0.255425710,G0358,Gen Z,OTA,Platinum,8,Couple,0,Kosher,318731.339999999,6091.580000000
324416.519999999,0.257095159,G0483,Millennial,Direct,Gold,9,Couple,0,None,317507.049999999,6909.47
323867.949999999,0.258764608,G0428,Gen X,Corporate,Silver,3,Family,3,None,318183.309999999,5684.64
323527.000000001,0.260434057,G0040,Gen X,Direct,None,2,Family,1,None,320181.330000001,3345.67
319196.69,0.262103506,G0259,Boomer,Travel Agent,Silver,4,Family,3,Halal,310134.32,9062.37
312769.24,0.263772955,G0559,Boomer,Corporate,None,2,Family,3,None,306829.6,5939.64
311506.5,0.265442404,G0499,Millennial,Direct,Silver,2,Family,2,None,306469.6,5036.9
310656.350000001,0.267111853,G0005,Gen X,OTA,None,2,Family,3,None,307166.440000001,3489.91
309979.649999999,0.268781302,G0542,Boomer,OTA,Gold,9,Solo,0,None,305469.309999999,4510.34
307699.880000001,0.270450751,G0037,Gen X,Direct,Gold,8,Couple,0,Gluten-Free,303723.030000001,3976.85
307430.700000001,0.272120200,G0044,Millennial,Direct,None,2,Family,2,Vegetarian,303456.160000001,3974.54
304132.85,0.273789649,G0105,Boomer,Direct,Silver,4,Family,1,Nut Allergy,297453.42,6679.43
300941.54,0.275459098,G0354,Boomer,Direct,Platinum,14,Solo,0,Gluten-Free,292121.24,8820.3
290258.47,0.277128548,G0391,Gen Z,OTA,Platinum,9,Solo,0,None,284858.97,5399.5
288343.74,0.278797997,G0350,Millennial,Direct,Gold,10,Couple,0,None,282330.29,6013.45
288213.399999999,0.280467446,G0268,Millennial,OTA,None,2,Family,2,None,284087.54,4125.86
286344.16,0.282136895,G0355,Millennial,OTA,None,2,Family,1,None,283066.05,3278.11
281858.75,0.283806344,G0403,Gen X,OTA,Gold,6,Couple,0,Dairy-Free,277932.8,3925.95
280778.57,0.285475793,G0017,Millennial,Corporate,Platinum,22,Couple,0,Halal,272218.24,8560.33
278698.179999999,0.287145242,G0100,Gen X,Travel Agent,None,2,Family,3,None,274080.899999999,4617.28
276114.32,0.288814691,G0071,Gen X,OTA,None,2,Family,2,Dairy-Free,272426.04,3688.28
275914.369999999,0.290484140,G0479,Millennial,Direct,None,2,Family,3,None,271588.109999999,4326.26
275427.520000001,0.292153589,G0413,Boomer,OTA,None,2,Family,2,Vegetarian,271767.740000001,3659.78
275058.64,0.293823038,G0179,Millennial,OTA,None,2,Family,3,None,270807.88,4250.76
273236.27,0.295492487,G0504,Boomer,OTA,Platinum,8,Couple,0,None,268387.11,4849.16
272337.7,0.297161937,G0388,Boomer,Corporate,Platinum,17,Solo,0,None,264820.31,7517.39
266354.34,0.298831386,G0347,Gen X,Direct,Gold,7,Couple,0,Halal,260747.86,5606.48
264911.78,0.300500835,G0003,Millennial,OTA,Silver,3,Family,1,Kosher,260110.72,4801.06
264907.390000001,0.302170284,G0274,Gen X,OTA,None,2,Family,2,Vegetarian,261429.560000001,3477.83
262024.689999999,0.303839733,G0308,Boomer,Travel Agent,Silver,3,Family,3,None,254900.359999999,7124.33
258528.390000001,0.305509182,G0092,Gen X,Corporate,Silver,2,Family,3,None,254126.640000001,4401.75
257510.58,0.307178631,G0284,Millennial,Direct,Gold,9,Group,0,None,251681.17,5829.41
257298.410000001,0.308848080,G0418,Gen X,Corporate,Platinum,20,Couple,0,None,249395.970000001,7902.440000000
255616.08,0.310517529,G0225,Gen Z,Corporate,Platinum,21,Couple,0,None,247845.82,7770.26
253658.58,0.312186978,G0454,Gen X,Corporate,Platinum,17,Solo,0,None,246430.09,7228.49
251296.76,0.313856427,G0365,Millennial,Corporate,None,2,Family,3,None,247067.94,4228.82
250035.67,0.315525876,G0434,Boomer,Direct,Silver,3,Group,0,Kosher,247293.22,2742.45
249519.03,0.317195326,G0182,Boomer,Direct,Gold,10,Group,0,Halal,243231.22,6287.81
248403.979999999,0.318864775,G0547,Millennial,Corporate,Silver,2,Family,2,None,243596.699999999,4807.28
247776.329999999,0.320534224,G0013,Gen Z,Travel Agent,Gold,5,Couple,0,Dairy-Free,242865.229999999,4911.1
247728.44,0.322203673,G0310,Gen X,OTA,Silver,2,Family,2,None,242442.36,5286.08
247475.51,0.323873122,G0552,Millennial,OTA,None,2,Family,2,Halal,243668.89,3806.62
246682.01,0.325542571,G0093,Gen X,OTA,None,2,Family,3,Halal,242761.89,3920.12
241428.35,0.327212020,G0299,Boomer,Travel Agent,None,2,Family,2,Vegetarian,237457.1,3971.25
239887.42,0.328881469,G0518,Millennial,Direct,None,1,Family,3,None,237549.12,2338.3
238930.27,0.330550918,G0205,Millennial,OTA,Silver,4,Family,1,Kosher,234264.14,4666.13
238656.979999999,0.332220367,G0409,Boomer,Direct,Silver,3,Family,2,Nut Allergy,233290.999999999,5365.98
238073.77,0.333889816,G0233,Gen X,Corporate,None,2,Family,3,None,233879.07,4194.7
237472.789999999,0.335559265,G0290,Millennial,OTA,Silver,4,Family,1,Halal,230526.329999999,6946.46
237179.46,0.337228715,G0513,Millennial,Travel Agent,None,2,Couple,0,Vegan,235550.8,1628.66
234841.02,0.338898164,G0551,Millennial,Direct,Platinum,11,Group,0,None,229384.27,5456.75
233817.69,0.340567613,G0220,Millennial,Direct,Silver,2,Family,3,Gluten-Free,230006.77,3810.92
233521.27,0.342237062,G0372,Gen Z,Travel Agent,Gold,10,Couple,0,Vegetarian,228736.55,4784.72
233035.729999999,0.343906511,G0242,Millennial,Corporate,Gold,4,Family,3,None,224980.019999999,8055.71
229849.93,0.345575960,G0151,Gen X,OTA,None,1,Family,2,Kosher,227974.25,1875.68
229592.590000001,0.347245409,G0248,Boomer,Corporate,Platinum,23,Solo,0,Gluten-Free,220948.620000001,8643.97
227448.749999999,0.348914858,G0122,Gen Z,Corporate,Platinum,13,Group,0,Gluten-Free,220667.279999999,6781.47
225988.28,0.350584307,G0467,Gen Z,Direct,Silver,4,Solo,0,Halal,224355.89,1632.39
225361.279999999,0.352253756,G0255,Gen X,Corporate,Silver,3,Family,1,Dairy-Free,220064.939999999,5296.34
224828.41,0.353923205,G0326,Millennial,Direct,Gold,8,Solo,0,Vegan,220044.66,4783.75
220945.4,0.355592654,G0500,Gen Z,OTA,Gold,8,Group,0,None,217419.87,3525.53
220342.13,0.357262104,G0191,Millennial,Direct,None,2,Family,3,None,217479.06,2863.07
220204.370000001,0.358931553,G0407,Boomer,Direct,Gold,7,Solo,0,Vegetarian,214968.080000001,5236.29
219329.29,0.360601002,G0109,Gen X,Corporate,Platinum,14,Group,0,None,214064.16,5265.13
214551.03,0.362270451,G0392,Millennial,OTA,None,2,Family,3,Dairy-Free,209659.98,4891.05
214411.57,0.363939900,G0024,Millennial,Direct,Gold,9,Solo,0,None,209451.27,4960.3
209589.85,0.365609349,G0061,Millennial,OTA,None,1,Family,3,None,206643.5,2946.35
208893.58,0.367278798,G0082,Millennial,OTA,None,1,Family,1,Halal,206281.74,2611.84
208354.51,0.368948247,G0404,Gen Z,OTA,Gold,10,Couple,0,Vegan,203088.1,5266.41
206612.15,0.370617696,G0411,Gen Z,Direct,Silver,5,Solo,0,None,204484.25,2127.9
203932.810000001,0.372287145,G0111,Millennial,OTA,None,2,Family,2,None,199576.660000001,4356.15
199544.66,0.373956594,G0021,Gen Z,Direct,Gold,10,Solo,0,None,194311.94,5232.72
198501.75,0.375626043,G0257,Boomer,Travel Agent,None,1,Family,2,None,196567.56,1934.19
198461.36,0.377295492,G0334,Millennial,OTA,None,2,Family,2,Vegan,195278.7,3182.66
194707.99,0.378964942,G0405,Gen X,Direct,None,1,Family,1,None,193029.36,1678.63
194435.019999999,0.380634391,G0038,Boomer,Direct,Silver,4,Couple,0,Vegetarian,190992.279999999,3442.74
194068.360000001,0.382303840,G0094,Boomer,Direct,Gold,8,Couple,0,Gluten-Free,188446.030000001,5622.33
193893.94,0.383973289,G0362,Millennial,Direct,Silver,4,Couple,0,None,191433.08,2460.86
193669.700000001,0.385642738,G0530,Gen X,OTA,Gold,9,Solo,0,Vegan,189116.200000001,4553.5
193245.52,0.387312187,G0410,Millennial,OTA,None,1,Family,3,Nut Allergy,191007.95,2237.57
192913.84,0.388981636,G0252,Millennial,OTA,None,2,Family,2,Vegan,189559.66,3354.18
191163.98,0.390651085,G0456,Boomer,Corporate,Platinum,8,Couple,0,Vegan,185865.32,5298.66
189582.49,0.392320534,G0585,Boomer,Travel Agent,Silver,3,Solo,0,None,188102.84,1479.65
187481.95,0.393989983,G0144,Millennial,OTA,None,1,Family,3,None,185283,2198.95
177817.58,0.395659432,G0399,Boomer,Corporate,Platinum,10,Solo,0,None,173538.24,4279.34
177250.32,0.397328881,G0412,Gen X,Corporate,Silver,4,Family,2,Dairy-Free,170744.24,6506.08
171555.8,0.398998331,G0306,Gen X,OTA,Silver,3,Family,2,None,166541.93,5013.87
171221.98,0.400667780,G0414,Millennial,Direct,Silver,4,Group,0,None,168340.06,2881.92
170898.87,0.402337229,G0291,Millennial,OTA,None,1,Family,3,Nut Allergy,168692.44,2206.43
170463.14,0.404006678,G0212,Boomer,Direct,Gold,6,Couple,0,Vegan,166324.51,4138.63
170419.9,0.405676127,G0431,Gen Z,OTA,Gold,9,Couple,0,Kosher,165860.69,4559.21
170307.5,0.407345576,G0463,Boomer,Travel Agent,Gold,5,Solo,0,None,166982.14,3325.36
169313.82,0.409015025,G0348,Gen X,Direct,Gold,9,Solo,0,None,165225.4,4088.42
169075.52,0.410684474,G0524,Boomer,Corporate,Platinum,12,Couple,0,Vegetarian,164753.7,4321.82
168979.72,0.412353923,G0370,Millennial,OTA,None,2,Family,1,Vegetarian,165505.68,3474.04
167218.19,0.414023372,G0002,Millennial,OTA,None,2,Family,2,None,164545.85,2672.34
162930.97,0.415692821,G0280,Millennial,OTA,None,2,Family,2,None,160208.64,2722.33
162682.9,0.417362270,G0455,Millennial,Corporate,Gold,8,Couple,0,Vegetarian,158805.82,3877.08
162422.06,0.419031720,G0525,Millennial,OTA,None,2,Family,1,None,159515.2,2906.86
158046.69,0.420701169,G0577,Millennial,Corporate,Gold,9,Group,0,None,153601.89,4444.8
157342.52,0.422370618,G0377,Gen X,OTA,None,2,Family,3,None,153764,3578.52
155404.46,0.424040067,G0128,Millennial,OTA,None,2,Family,1,Nut Allergy,152596.2,2808.26
154910.34,0.425709516,G0548,Millennial,OTA,None,2,Family,3,None,151914.48,2995.86
154787.57,0.427378965,G0471,Millennial,OTA,Gold,5,Solo,0,Dairy-Free,152462.43,2325.14
154351.99,0.429048414,G0190,Gen X,Direct,Silver,5,Couple,0,None,151573.23,2778.76
154262.03,0.430717863,G0289,Millennial,OTA,None,2,Family,2,Vegetarian,151894.08,2367.95
154118.35,0.432387312,G0437,Gen X,Direct,Silver,2,Family,3,None,151105.14,3013.21
151315.95,0.434056761,G0048,Gen Z,OTA,Silver,5,Solo,0,None,148387.23,2928.72
149869.31,0.435726210,G0266,Millennial,OTA,None,2,Family,3,Vegetarian,147217.14,2652.17
149835.84,0.437395659,G0423,Gen Z,OTA,Silver,4,Solo,0,None,147286.5,2549.34
148610.92,0.439065109,G0244,Millennial,Direct,Silver,2,Couple,0,None,146613.86,1997.06
146559.88,0.440734558,G0539,Boomer,Direct,Gold,6,Couple,0,None,144042.4,2517.48
145019.98,0.442404007,G0327,Millennial,Direct,Silver,5,Couple,0,Vegetarian,142686.66,2333.32
144638.58,0.444073456,G0490,Gen X,Corporate,Gold,6,Group,0,None,142052.57,2586.01
144567.76,0.445742905,G0036,Boomer,Direct,Gold,10,Solo,0,None,140148.92,4418.84
144500.58,0.447412354,G0527,Millennial,Direct,Gold,5,Solo,0,Vegetarian,140470.88,4029.7
144342.76,0.449081803,G0039,Gen X,Direct,None,1,Family,3,Nut Allergy,141725.78,2616.98
142121.73,0.450751252,G0091,Gen Z,Direct,Gold,10,Group,0,Gluten-Free,137718.98,4402.75
139235.41,0.452420701,G0523,Millennial,OTA,None,2,Family,1,Dairy-Free,136583.45,2651.96
138448.36,0.454090150,G0135,Boomer,OTA,Silver,5,Solo,0,Dairy-Free,135963.01,2485.35
136234.01,0.455759599,G0469,Gen X,Direct,None,1,Family,1,Gluten-Free,134550.9,1683.11
135387.24,0.457429048,G0574,Gen X,Travel Agent,Silver,2,Family,3,Dairy-Free,133221.69,2165.55
134570.36,0.459098497,G0112,Millennial,OTA,None,1,Family,1,None,132907.32,1663.04
130190.3,0.460767947,G0555,Gen Z,Direct,None,2,Solo,0,None,128746.8,1443.5
129676.39,0.462437396,G0152,Boomer,OTA,Silver,5,Couple,0,None,126558.57,3117.82
129403.13,0.464106845,G0204,Gen X,Direct,Silver,2,Family,3,Vegetarian,126058.07,3345.06
128720.29,0.465776294,G0121,Boomer,Travel Agent,Silver,5,Group,0,Nut Allergy,125488.59,3231.7
128541.57,0.467445743,G0160,Gen Z,OTA,Silver,5,Couple,0,None,126332.19,2209.38
127316.34,0.469115192,G0532,Boomer,Direct,Gold,6,Solo,0,Halal,124142.67,3173.67
125734.18,0.470784641,G0042,Millennial,Corporate,Platinum,11,Solo,0,None,121079.42,4654.76
125093.48,0.472454090,G0069,Boomer,Direct,Gold,6,Couple,0,None,122089.46,3004.02
124381.43,0.474123539,G0210,Millennial,Travel Agent,None,2,Family,2,Gluten-Free,121957.8,2423.63
124109.54,0.475792988,G0010,Gen X,Direct,Silver,3,Solo,0,Kosher,121706.82,2402.72
124065.06,0.477462437,G0270,Gen Z,OTA,Gold,5,Couple,0,Halal,120744.8,3320.26
123482.72,0.479131886,G0361,Boomer,OTA,Silver,5,Solo,0,Vegetarian,121114.76,2367.96
123409.77,0.480801336,G0136,Gen Z,Corporate,Gold,5,Solo,0,Gluten-Free,120977.64,2432.13
122494.22,0.482470785,G0589,Gen X,Corporate,Silver,3,Family,2,Vegan,118112.4,4381.82
121727.42,0.484140234,G0510,Gen Z,Corporate,Gold,10,Solo,0,None,117555.67,4171.75
121050.4,0.485809683,G0218,Millennial,OTA,Silver,5,Couple,0,None,118002.92,3047.48
119408.28,0.487479132,G0516,Millennial,Corporate,Platinum,13,Solo,0,None,114985.93,4422.35
119132.8,0.489148581,G0465,Gen X,Direct,Platinum,8,Couple,0,None,114932.82,4199.98
118366.82,0.490818030,G0153,Millennial,Direct,Gold,10,Group,0,Vegan,114746.56,3620.26
117606.28,0.492487479,G0588,Millennial,Direct,Silver,5,Solo,0,Halal,115516.31,2089.97
115905.13,0.494156928,G0301,Boomer,OTA,Gold,6,Couple,0,None,112736.07,3169.06
115443.43,0.495826377,G0427,Gen X,OTA,None,1,Family,1,None,113174.88,2268.55
114657.04,0.497495826,G0390,Gen Z,Direct,Gold,8,Couple,0,None,110567.22,4089.82
113939.62,0.499165275,G0349,Millennial,Direct,Silver,5,Solo,0,Vegetarian,111325.4,2614.22
113726.35,0.500834725,G0174,Boomer,Travel Agent,Gold,7,Couple,0,Halal,110977.1,2749.25
112960.43,0.502504174,G0528,Boomer,Travel Agent,Gold,7,Group,0,Kosher,109340.37,3620.06
112284.02,0.504173623,G0307,Boomer,Corporate,Platinum,11,Couple,0,None,108068.45,4215.57
111129.22,0.505843072,G0241,Millennial,OTA,Gold,6,Solo,0,Vegetarian,108379.35,2749.87
109344.57,0.507512521,G0492,Millennial,OTA,None,1,Family,3,None,106580.88,2763.69
109114.97,0.509181970,G0344,Millennial,Direct,Gold,6,Group,0,Vegan,105778.77,3336.2
108481.12,0.510851419,G0345,Gen X,Travel Agent,Gold,8,Couple,0,None,105594.52,2886.6
107455.57,0.512520868,G0247,Millennial,Direct,None,2,Family,3,None,104835.3,2620.27
106755.73,0.514190317,G0568,Millennial,OTA,None,2,Family,3,None,103876.03,2879.7
106701.02,0.515859766,G0213,Millennial,OTA,Silver,3,Family,1,None,103582.11,3118.91
105433.5,0.517529215,G0451,Millennial,OTA,Silver,5,Solo,0,Dairy-Free,102983.3,2450.2
104739.99,0.519198664,G0051,Gen Z,OTA,None,2,Group,0,None,103752.94,987.05
104679.31,0.520868114,G0433,Millennial,Direct,Silver,5,Couple,0,Gluten-Free,102078.38,2600.93
103304.77,0.522537563,G0157,Gen Z,Corporate,Silver,4,Group,0,None,100927.48,2377.29
102415.36,0.524207012,G0137,Boomer,Corporate,Silver,2,Family,2,None,99791.14,2624.22
101310.25,0.525876461,G0567,Millennial,Direct,Silver,3,Couple,0,Gluten-Free,99399.760000000,1910.49
100796.06,0.527545910,G0022,Boomer,Direct,Gold,6,Solo,0,None,97973.510000000,2822.55
100759.73,0.529215359,G0435,Gen Z,Direct,Silver,5,Group,0,Vegan,98578.700000000,2181.03
100728.9,0.530884808,G0383,Boomer,Travel Agent,Silver,3,Couple,0,None,99237.920000000,1490.98
100444.76,0.532554257,G0001,Millennial,Direct,None,1,Family,1,Vegetarian,98706.300000000,1738.46
99786.110000000,0.534223706,G0332,Gen X,Direct,Silver,5,Solo,0,None,97597.180000000,2188.93
99714.040000000,0.535893155,G0406,Boomer,OTA,Gold,5,Solo,0,None,96732.740000000,2981.3
97837.59,0.537562604,G0482,Boomer,Corporate,Gold,8,Solo,0,None,95003.42,2834.17
96796.010000000,0.539232053,G0029,Millennial,OTA,Silver,4,Solo,0,Vegan,95065.640000000,1730.37
96055.410000000,0.540901503,G0515,Millennial,Direct,Gold,7,Couple,0,None,93404.820000000,2650.59
96047.000000000,0.542570952,G0328,Millennial,Direct,Gold,5,Solo,0,Vegan,93319.560000000,2727.44
95855.09,0.544240401,G0335,Millennial,OTA,None,1,Family,1,Kosher,94666.68,1188.41
94453.720000000,0.545909850,G0556,Boomer,Direct,Gold,5,Couple,0,None,91978.260000000,2475.46
94356.330000000,0.547579299,G0209,Millennial,OTA,None,2,Family,3,Halal,91613.800000000,2742.53
94059.460000000,0.549248748,G0170,Millennial,Direct,Silver,3,Group,0,Vegan,92214.810000000,1844.65
93995.780000000,0.550918197,G0366,Gen Z,OTA,Silver,5,Group,0,Vegetarian,91775.640000000,2220.14
93865.400000000,0.552587646,G0258,Boomer,Direct,Silver,3,Couple,0,Kosher,92586.240000000,1279.16
93684.450000000,0.554257095,G0571,Boomer,Direct,Silver,5,Group,0,Kosher,91622.890000000,2061.56
93383.930000000,0.555926544,G0476,Millennial,OTA,Gold,7,Solo,0,None,90356.160000000,3027.77
93121.250000000,0.557595993,G0478,Millennial,Corporate,None,2,Family,2,Dairy-Free,90478.080000000,2643.17
92954.330000000,0.559265442,G0139,Gen X,Direct,None,2,Family,1,Vegetarian,91035.720000000,1918.61
92322.810000000,0.560934891,G0401,Millennial,Direct,Silver,5,Solo,0,Dairy-Free,90504.800000000,1818.01
91138.710000000,0.562604341,G0208,Millennial,OTA,None,2,Family,1,None,89028.990000000,2109.72
91015.5,0.564273790,G0066,Millennial,Travel Agent,None,2,Group,0,None,90246.1,769.4
90626.34,0.565943239,G0336,Millennial,Direct,None,1,Family,3,Gluten-Free,89066.25,1560.09
90125.780000000,0.567612688,G0201,Boomer,Direct,Silver,2,Solo,0,None,88898.850000000,1226.93
89683.500000000,0.569282137,G0322,Gen X,Corporate,Gold,6,Solo,0,Vegan,87039.390000000,2644.11
89216.260000000,0.570951586,G0443,Gen X,Corporate,None,2,Family,2,Nut Allergy,86245.890000000,2970.37
87853.31,0.572621035,G0083,Millennial,Direct,Silver,3,Solo,0,None,86407.710000000,1445.6
86693.130000000,0.574290484,G0540,Gen X,Corporate,Silver,2,Family,2,None,83821.560000000,2871.57
86236.240000000,0.575959933,G0536,Gen X,Corporate,Platinum,11,Couple,0,None,83174.350000000,3061.89
85973.21,0.577629382,G0183,Millennial,OTA,None,1,Family,1,Vegetarian,84679.42,1293.79
85029.900000000,0.579298831,G0214,Boomer,Travel Agent,Gold,6,Group,0,None,81928.840000000,3101.06
84933.760000000,0.580968280,G0020,Boomer,Direct,Silver,4,Couple,0,None,83102.520000000,1831.24
84753.110000000,0.582637730,G0034,Gen X,Travel Agent,None,1,Family,3,Vegan,82465.620000000,2287.49
83525.65,0.584307179,G0396,Millennial,OTA,Silver,3,Couple,0,Halal,81731.28,1794.37
83388.41,0.585976628,G0549,Boomer,OTA,Silver,3,Solo,0,None,81433.680000000,1954.73
83333.530000000,0.587646077,G0449,Millennial,Direct,Gold,6,Couple,0,Nut Allergy,81104.880000000,2228.65
82913.160000000,0.589315526,G0028,Boomer,Corporate,Gold,8,Group,0,Gluten-Free,80075.870000000,2837.29
80909.950000000,0.590984975,G0262,Gen X,Corporate,Gold,7,Solo,0,Vegan,78518.430000000,2391.52
80339.030000000,0.592654424,G0030,Gen X,Direct,Silver,5,Solo,0,Nut Allergy,78717.520000000,1621.51
78773.02,0.594323873,G0495,Boomer,Direct,Silver,4,Solo,0,Nut Allergy,76940.08,1832.94
78390.130000000,0.595993322,G0016,Millennial,OTA,None,2,Group,0,Vegetarian,76852.330000000,1537.8
78134.75,0.597662771,G0158,Millennial,Corporate,Gold,6,Couple,0,Dairy-Free,75982.78,2151.97
78067.61,0.599332220,G0276,Gen X,Corporate,Silver,2,Family,2,Halal,74651.7,3415.91
76620.8,0.601001669,G0371,Boomer,Direct,Silver,4,Couple,0,None,74999.66,1621.14
76134.150000000,0.602671119,G0271,Gen X,Travel Agent,Silver,3,Couple,0,Vegetarian,74916.180000000,1217.97
76119.720000000,0.604340568,G0573,Boomer,OTA,Silver,4,Couple,0,Gluten-Free,74538.820000000,1580.9
75589.030000000,0.606010017,G0386,Millennial,Direct,Silver,3,Solo,0,None,74109.980000000,1479.05
75332.02,0.607679466,G0304,Boomer,Corporate,Gold,9,Group,0,None,72590.88,2741.14
74194.820000000,0.609348915,G0186,Millennial,OTA,None,1,Family,2,Vegetarian,72579.200000000,1615.62
74053.59,0.611018364,G0087,Gen X,OTA,Gold,5,Couple,0,Gluten-Free,72181.39,1872.2
74015.69,0.612687813,G0297,Millennial,Corporate,Gold,8,Couple,0,None,71224.51,2791.18
73659.81,0.614357262,G0517,Millennial,Direct,Silver,3,Group,0,Vegan,72250.23,1409.58
72924.290000000,0.616026711,G0099,Gen Z,Direct,Silver,4,Group,0,Nut Allergy,71666.340000000,1257.95
72782.05,0.617696160,G0363,Boomer,Direct,Silver,4,Couple,0,None,71128.06,1653.99
72566.020000000,0.619365609,G0398,Gen X,Direct,None,1,Couple,0,Dairy-Free,72025.940000000,540.08
72263.07,0.621035058,G0249,Millennial,OTA,None,2,Family,3,Halal,69467.34,2795.73
72251.520000000,0.622704508,G0472,Millennial,Direct,Gold,7,Couple,0,None,69540.900000000,2710.62
72118.5,0.624373957,G0058,Gen X,Corporate,None,2,Family,2,Gluten-Free,70023.06,2095.44
71677.86,0.626043406,G0032,Boomer,Direct,Silver,5,Couple,0,None,69592.88,2084.98
70945.62,0.627712855,G0400,Gen Z,OTA,None,1,Solo,0,None,69895.98,1049.64
70172.19,0.629382304,G0104,Millennial,OTA,Silver,4,Couple,0,Gluten-Free,67930.55,2241.64
69723.33,0.631051753,G0041,Boomer,OTA,None,1,Family,1,None,68641.65,1081.68
69184.04,0.632721202,G0227,Millennial,OTA,None,1,Family,1,None,68192.24,991.8
68569.47,0.634390651,G0440,Millennial,Direct,None,2,Solo,0,None,67600.98,968.49
67998.04,0.636060100,G0162,Millennial,OTA,Silver,5,Solo,0,None,65859.6,2138.44
66430.420000000,0.637729549,G0419,Gen X,Direct,Silver,3,Couple,0,None,64741.180000000,1689.24
64830.050000000,0.639398998,G0436,Millennial,Direct,Silver,4,Solo,0,None,63138.360000000,1691.69
64606.05,0.641068447,G0319,Millennial,Corporate,Gold,5,Group,0,Nut Allergy,62580.4,2025.65
63982.19,0.642737896,G0343,Gen Z,OTA,None,2,Group,0,None,62865.05,1117.14
63755.23,0.644407346,G0351,Millennial,Corporate,None,1,Family,2,None,62348.000000000,1407.23
62651.77,0.646076795,G0477,Millennial,OTA,Silver,4,Solo,0,Nut Allergy,61162.33,1489.44
62298.65,0.647746244,G0368,Boomer,Direct,None,1,Couple,0,None,61758.4,540.25
62284.54,0.649415693,G0415,Gen X,Corporate,Gold,8,Solo,0,Vegan,59776.42,2508.12
61826.980000000,0.651085142,G0309,Millennial,OTA,None,2,Solo,0,Vegetarian,60511.280000000,1315.7
61062.78,0.652754591,G0011,Gen X,Travel Agent,Silver,3,Solo,0,None,59580.99,1481.79
60816.590000000,0.654424040,G0245,Gen X,OTA,None,2,Couple,0,None,59649.480000000,1167.11
60778.01,0.656093489,G0200,Gen X,OTA,None,1,Family,1,Vegan,59191.75,1586.26
59964,0.657762938,G0009,Millennial,OTA,None,2,Couple,0,None,59097.2,866.8
59844.240000000,0.659432387,G0086,Gen X,OTA,None,1,Family,1,Vegetarian,58611.850000000,1232.39
59744.86,0.661101836,G0457,Gen X,Direct,Gold,6,Group,0,Dairy-Free,56751.13,2993.73
58737.55,0.662771285,G0498,Gen X,Travel Agent,None,1,Couple,0,None,58122,615.55
58345.07,0.664440735,G0596,Gen X,Corporate,Gold,9,Solo,0,None,55555.43,2789.64
58343,0.666110184,G0598,Gen X,Direct,Silver,2,Couple,0,None,57165.57,1177.43
57764.93,0.667779633,G0526,Millennial,OTA,None,2,Solo,0,Halal,56488.32,1276.61
57683.31,0.669449082,G0575,Millennial,OTA,None,1,Family,1,Vegetarian,56079.36,1603.95
57270.72,0.671118531,G0563,Boomer,OTA,Silver,3,Solo,0,Vegetarian,55936.500000000,1334.22
57015.1,0.672787980,G0019,Gen Z,Direct,Silver,4,Couple,0,None,55704.54,1310.56
56220.5,0.674457429,G0586,Gen Z,Direct,None,1,Solo,0,Vegetarian,55455.68,764.82
55650.520000000,0.676126878,G0235,Millennial,Direct,None,2,Couple,0,None,54783.540000000,866.98
55244.72,0.677796327,G0511,Gen Z,Corporate,Gold,4,Solo,0,None,53633.76,1610.96
54949.73,0.679465776,G0145,Boomer,Corporate,Silver,5,Couple,0,None,53407.32,1542.41
54518.450000000,0.681135225,G0296,Millennial,OTA,None,1,Family,3,None,52580.600000000,1937.85
54444.98,0.682804674,G0502,Boomer,Direct,None,1,Family,1,None,53186,1258.98
53366.36,0.684474124,G0172,Boomer,Direct,Gold,6,Couple,0,Dairy-Free,51042.45,2323.91
53057.04,0.686143573,G0219,Boomer,Direct,Silver,4,Couple,0,None,51645.42,1411.62
53011.27,0.687813022,G0380,Millennial,Corporate,None,1,Family,1,Gluten-Free,52193.4,817.87
52874.31,0.689482471,G0590,Gen X,Direct,Silver,2,Group,0,None,52105.08,769.23
52301.03,0.691151920,G0263,Gen X,Corporate,Silver,3,Solo,0,None,51430.31,870.72
51896.36,0.692821369,G0199,Gen X,Corporate,None,1,Family,2,Vegan,50767.44,1128.92
51869.760000000,0.694490818,G0192,Gen X,OTA,None,2,Family,2,Halal,50210.160000000,1659.6
51791.570000000,0.696160267,G0217,Gen X,Corporate,Gold,7,Couple,0,None,50004.590000000,1786.98
51421.33,0.697829716,G0261,Boomer,Travel Agent,Silver,2,Solo,0,None,50466.24,955.09
51368.84,0.699499165,G0265,Millennial,Travel Agent,Gold,6,Couple,0,None,49661.46,1707.38
50986.89,0.701168614,G0553,Boomer,Direct,Silver,2,Solo,0,Vegetarian,50026.62,960.27
50930.47,0.702838063,G0382,Millennial,OTA,None,2,Couple,0,Vegetarian,50131.2,799.27
50556.14,0.704507513,G0480,Gen Z,Direct,Silver,5,Solo,0,Halal,48988.85,1567.29
50074.48,0.706176962,G0379,Millennial,Direct,None,1,Solo,0,Vegetarian,49570.28,504.2
49544.730000000,0.707846411,G0505,Gen X,Corporate,Silver,4,Solo,0,None,48349.120000000,1195.61
49251.930000000,0.709515860,G0198,Gen Z,OTA,Silver,5,Couple,0,Halal,47632.800000000,1619.13
48552.66,0.711185309,G0562,Millennial,OTA,Silver,3,Solo,0,None,47319.92,1232.74
48148.97,0.712854758,G0216,Boomer,Corporate,Gold,4,Solo,0,Dairy-Free,46726.02,1422.95
47212.51,0.714524207,G0298,Gen Z,OTA,None,1,Couple,0,Nut Allergy,46675.02,537.49
46886.190000000,0.716193656,G0277,Gen Z,OTA,None,2,Couple,0,Nut Allergy,45751.980000000,1134.21
46597.12,0.717863105,G0202,Gen Z,OTA,None,2,Solo,0,Nut Allergy,45795.2,801.92
45640.28,0.719532554,G0509,Boomer,Corporate,Silver,5,Group,0,Gluten-Free,44100.78,1539.5
45230.53,0.721202003,G0090,Millennial,OTA,Silver,5,Solo,0,None,43850.33,1380.2
44421,0.722871452,G0226,Gen X,OTA,None,2,Couple,0,Gluten-Free,43335.3,1085.7
44348.14,0.724540902,G0095,Gen X,Direct,None,2,Solo,0,Dairy-Free,43954.86,393.28
44079.52,0.726210351,G0595,Millennial,OTA,None,2,Couple,0,Vegetarian,43292.08,787.44
43554.41,0.727879800,G0430,Boomer,Travel Agent,Gold,5,Solo,0,None,42022.87,1531.54
43266.01,0.729549249,G0421,Millennial,OTA,None,1,Family,3,Gluten-Free,42103.56,1162.45
43055.430000000,0.731218698,G0118,Gen Z,Corporate,Gold,7,Group,0,Halal,41075.620000000,1979.81
43029.83,0.732888147,G0116,Gen X,OTA,None,1,Family,1,None,42231.8,798.03
42515.16,0.734557596,G0474,Millennial,OTA,Silver,3,Couple,0,None,41532.62,982.54
42245.07,0.736227045,G0043,Boomer,OTA,None,1,Couple,0,None,41539.61,705.46
41813.37,0.737896494,G0543,Millennial,OTA,Silver,4,Solo,0,Nut Allergy,40226.9,1586.47
41776.6,0.739565943,G0402,Gen X,OTA,None,2,Couple,0,Gluten-Free,41088.14,688.46
41756.170000000,0.741235392,G0238,Boomer,Corporate,None,1,Family,1,Gluten-Free,40502.4,1253.77
41513.09,0.742904841,G0117,Gen X,OTA,None,1,Family,3,Gluten-Free,40657.08,856.01
41329.05,0.744574290,G0272,Gen X,Direct,Silver,4,Couple,0,None,39986.52,1342.53
40726.92,0.746243740,G0168,Millennial,OTA,Silver,3,Group,0,Dairy-Free,39086.94,1639.98
40646.42,0.747913189,G0065,Boomer,Direct,None,1,Couple,0,None,40021.74,624.68
40144.82,0.749582638,G0341,Millennial,Corporate,None,1,Couple,0,Vegan,39614.4,530.42
39693.84,0.751252087,G0578,Millennial,OTA,None,2,Couple,0,None,38680.93,1012.91
38812.83,0.752921536,G0425,Gen Z,OTA,None,2,Solo,0,None,38171.38,641.45
38288.28,0.754590985,G0014,Gen Z,OTA,Silver,3,Solo,0,None,37148.64,1139.64
37085.89,0.756260434,G0294,Boomer,Travel Agent,Silver,3,Solo,0,None,36166.48,919.41
36723.25,0.757929883,G0096,Boomer,Direct,None,2,Solo,0,Vegan,36131.78,591.47
36632.82,0.759599332,G0267,Gen Z,OTA,Silver,2,Couple,0,Vegetarian,35726.92,905.9
36601.8,0.761268781,G0397,Millennial,OTA,None,2,Group,0,None,35727.92,873.88
36551.85,0.762938230,G0114,Millennial,Corporate,None,2,Solo,0,Dairy-Free,36020.88,530.97
36061.21,0.764607679,G0063,Gen Z,Direct,None,2,Couple,0,None,34904.52,1156.69
35963.69,0.766277129,G0150,Millennial,OTA,None,1,Solo,0,None,35435.82,527.87
35536.08,0.767946578,G0050,Millennial,Direct,None,1,Family,3,None,34517.28,1018.8
35189.45,0.769616027,G0035,Millennial,OTA,Silver,4,Solo,0,Halal,34159.65,1029.8
34744.07,0.771285476,G0008,Boomer,Direct,None,1,Family,2,None,33849.6,894.47
34297.98,0.772954925,G0393,Gen X,Corporate,Gold,4,Group,0,None,33004.68,1293.3
34236.27,0.774624374,G0293,Gen X,OTA,None,1,Solo,0,Vegan,33759.6,476.67
34199.67,0.776293823,G0052,Gen X,Corporate,Gold,4,Couple,0,None,32787.6,1412.07
33396.23,0.777963272,G0256,Boomer,Direct,Silver,3,Couple,0,None,32838.69,557.54
33192.02,0.779632721,G0317,Millennial,Direct,None,1,Couple,0,None,32468.28,723.74
32944.43,0.781302170,G0141,Boomer,Corporate,Silver,5,Solo,0,None,31821.3,1123.13
32494.45,0.782971619,G0193,Millennial,OTA,Silver,2,Couple,0,Dairy-Free,31686.57,807.88
32087.7,0.784641068,G0557,Millennial,OTA,None,1,Group,0,None,31385.83,701.87
30822.99,0.786310518,G0583,Millennial,Direct,None,1,Solo,0,Dairy-Free,30443.25,379.74
30176.13,0.787979967,G0085,Millennial,OTA,None,1,Family,3,None,29276.52,899.61
29790.22,0.789649416,G0541,Gen X,Corporate,Gold,6,Couple,0,Vegan,27697.03,2093.19
29360.96,0.791318865,G0142,Gen Z,Travel Agent,None,2,Solo,0,None,28673.56,687.4
28593.53,0.792988314,G0108,Gen Z,OTA,None,2,Solo,0,None,28025.99,567.54
28476.47,0.794657763,G0127,Millennial,OTA,None,2,Group,0,Halal,27769.11,707.36
28261.79,0.796327212,G0315,Gen X,OTA,Silver,4,Couple,0,None,27142.94,1118.85
27896.24,0.797996661,G0333,Millennial,OTA,None,2,Couple,0,Gluten-Free,27162.9,733.34
27513.53,0.799666110,G0107,Gen X,Corporate,Silver,5,Couple,0,Vegetarian,26456.26,1057.27
27198.54,0.801335559,G0279,Gen Z,OTA,None,2,Group,0,None,26529.4,669.14
27021.19,0.803005008,G0600,Millennial,OTA,None,2,Group,0,Dairy-Free,26476.88,544.31
26876.66,0.804674457,G0501,Millennial,Corporate,None,2,Couple,0,None,26047.23,829.43
26231.39,0.806343907,G0224,Millennial,OTA,None,2,Solo,0,Vegan,25465.92,765.47
25006.41,0.808013356,G0303,Millennial,OTA,None,1,Group,0,Nut Allergy,24477.6,528.81
24209.66,0.809682805,G0572,Gen X,Direct,None,2,Solo,0,Dairy-Free,23219.42,990.24
24185.67,0.811352254,G0097,Millennial,Corporate,Silver,2,Couple,0,Dairy-Free,23403.96,781.71
23947.25,0.813021703,G0447,Gen Z,OTA,None,2,Group,0,None,23257.18,690.07
23894.5,0.814691152,G0522,Boomer,OTA,Silver,3,Solo,0,None,22506.56,1387.94
23735.26,0.816360601,G0253,Millennial,OTA,None,2,Group,0,None,22938.54,796.72
23694.34,0.818030050,G0285,Gen Z,Direct,None,2,Solo,0,None,23077.04,617.3
23623.39,0.819699499,G0074,Millennial,Corporate,None,1,Couple,0,Vegetarian,23021,602.39
23569.37,0.821368948,G0027,Millennial,OTA,None,1,Group,0,None,23020.8,548.57
23337.49,0.823038397,G0278,Millennial,OTA,None,1,Solo,0,Vegetarian,22842,495.49
23283.74,0.824707846,G0420,Gen Z,OTA,None,1,Couple,0,Vegetarian,22667.19,616.55
23175.29,0.826377295,G0342,Gen Z,Direct,None,1,Group,0,None,22895,280.29
23022.4,0.828046745,G0300,Gen X,Corporate,Silver,3,Couple,0,None,22070.62,951.78
22945.24,0.829716194,G0599,Millennial,Corporate,None,2,Couple,0,None,22443.96,501.28
22935.81,0.831385643,G0429,Gen X,Direct,None,1,Solo,0,None,22555.68,380.13
22664.86,0.833055092,G0236,Boomer,Corporate,Silver,4,Solo,0,Halal,21381.32,1283.54
22601.41,0.834724541,G0318,Gen Z,OTA,None,2,Solo,0,None,22175.01,426.4
22433.68,0.836393990,G0535,Gen X,Direct,None,1,Group,0,Dairy-Free,22044.96,388.72
22386.55,0.838063439,G0229,Gen Z,OTA,Silver,3,Couple,0,None,21457.09,929.46
22373.67,0.839732888,G0473,Gen X,OTA,None,1,Couple,0,None,22088.64,285.03
21943.53,0.841402337,G0311,Gen X,Travel Agent,None,2,Solo,0,Dairy-Free,21750.04,193.49
21480.95,0.843071786,G0273,Gen X,Corporate,Gold,5,Couple,0,Gluten-Free,20063.32,1417.63
21109.77,0.844741235,G0078,Gen X,Direct,Silver,2,Couple,0,Nut Allergy,20516.04,593.73
20830.46,0.846410684,G0537,Boomer,OTA,None,1,Solo,0,Kosher,20586.96,243.5
20604.04,0.848080134,G0163,Boomer,Direct,None,2,Couple,0,Vegan,20235.75,368.29
20476.28,0.849749583,G0167,Millennial,Corporate,Silver,2,Couple,0,Vegan,19966.71,509.57
19592.05,0.851419032,G0453,Gen Z,OTA,None,2,Group,0,Halal,19092.12,499.93
19483.95,0.853088481,G0314,Gen Z,OTA,None,1,Solo,0,None,18972.5,511.45
18967.38,0.854757930,G0089,Boomer,Corporate,None,2,Solo,0,Vegetarian,18515.46,451.92
18790.5,0.856427379,G0352,Millennial,Direct,None,2,Couple,0,Vegan,18046.78,743.72
18467.27,0.858096828,G0558,Gen X,Corporate,None,1,Family,1,Nut Allergy,17713.32,753.95
17459.73,0.859766277,G0507,Millennial,OTA,None,2,Solo,0,Kosher,17005.56,454.17
17343.75,0.861435726,G0384,Boomer,Direct,None,1,Couple,0,None,16641.45,702.3
17085.2,0.863105175,G0275,Gen X,Travel Agent,None,1,Couple,0,None,16631.84,453.36
16586.96,0.864774624,G0338,Gen X,Corporate,Gold,4,Couple,0,None,15816.63,770.33
16012.79,0.866444073,G0325,Gen X,OTA,None,2,Couple,0,Vegetarian,15540.6,472.19
15861.23,0.868113523,G0103,Millennial,OTA,None,1,Solo,0,None,15515.55,345.68
15616.19,0.869782972,G0461,Millennial,OTA,None,1,Group,0,Vegan,15116.4,499.79
15447.23,0.871452421,G0554,Gen Z,OTA,None,1,Couple,0,None,15072.48,374.75
15274.22,0.873121870,G0025,Boomer,OTA,None,1,Couple,0,None,14882,392.22
15097.03,0.874791319,G0378,Millennial,OTA,None,1,Group,0,Halal,14762.05,334.98
14491.62,0.876460768,G0053,Millennial,Corporate,Silver,2,Group,0,Vegetarian,13842.44,649.18
13818.13,0.878130217,G0534,Gen Z,OTA,None,2,Group,0,Vegan,13284,534.13
13468.06,0.879799666,G0464,Boomer,Direct,Silver,2,Couple,0,None,12810.55,657.51
13321.06,0.881469115,G0159,Boomer,Direct,None,2,Solo,0,None,12973.56,347.5
12742.04,0.883138564,G0156,Gen X,Corporate,Silver,3,Couple,0,None,12201.72,540.32
12562.94,0.884808013,G0546,Millennial,Corporate,Silver,3,Solo,0,Nut Allergy,12028.66,534.28
12322,0.886477462,G0120,Gen Z,OTA,None,1,Couple,0,None,12014.73,307.27
11946.25,0.888146912,G0444,Millennial,OTA,Silver,3,Solo,0,Gluten-Free,11295.89,650.36
11438.76,0.889816361,G0329,Gen X,Corporate,None,1,Couple,0,None,11028.04,410.72
11417.72,0.891485810,G0373,Gen X,Corporate,None,2,Couple,0,Halal,10958.31,459.41
11323.83,0.893155259,G0026,Boomer,OTA,Silver,2,Solo,0,None,10916.43,407.4
11025.28,0.894824708,G0356,Gen Z,Corporate,None,2,Solo,0,None,10629.12,396.16
10846.35,0.896494157,G0282,Boomer,OTA,None,1,Couple,0,Vegan,10598.01,248.34
10622.38,0.898163606,G0133,Gen X,OTA,None,2,Couple,0,None,10136.93,485.45
10589.53,0.899833055,G0049,Boomer,Direct,Silver,2,Solo,0,None,10211.7,377.83
10273.54,0.901502504,G0340,Millennial,OTA,Silver,2,Couple,0,None,9753,520.54
10042.98,0.903171953,G0067,Gen X,OTA,None,2,Couple,0,None,9427.32,615.66
9854.73,0.904841402,G0234,Gen Z,OTA,Silver,2,Group,0,Gluten-Free,9139.84,714.89
9713.81,0.906510851,G0459,Millennial,Direct,Silver,2,Solo,0,Vegetarian,9145.78,568.03
9319.16,0.908180301,G0374,Boomer,Corporate,Silver,3,Group,0,Vegan,8533.43,785.73
9265.62,0.909849750,G0503,Boomer,OTA,Silver,2,Solo,0,None,8763.74,501.88
9235.47,0.911519199,G0243,Millennial,OTA,None,1,Solo,0,Dairy-Free,9044.1,191.37
9172.61,0.913188648,G0045,Gen X,OTA,None,1,Solo,0,Halal,8806.77,365.84
9078.26,0.914858097,G0125,Millennial,OTA,Silver,3,Couple,0,None,8572.41,505.85
8940.34,0.916527546,G0047,Gen Z,OTA,None,1,Solo,0,None,8706.75,233.59
8752.83,0.918196995,G0155,Boomer,OTA,None,2,Couple,0,Halal,8192.82,560.01
8135.03,0.919866444,G0287,Gen Z,Travel Agent,None,2,Group,0,Vegetarian,7739.73,395.3
8057.68,0.921535893,G0485,Millennial,OTA,None,1,Group,0,Vegetarian,7747.41,310.27
8006.72,0.923205342,G0497,Millennial,OTA,None,1,Couple,0,Dairy-Free,7709.7,297.02
7960.02,0.924874791,G0189,Millennial,Corporate,None,1,Group,0,Nut Allergy,7523.76,436.26
7877.34,0.926544240,G0023,Gen Z,Corporate,Silver,5,Couple,0,Dairy-Free,7462.09,415.25
7855.9,0.928213689,G0239,Gen Z,OTA,None,1,Solo,0,None,7546.8,309.1
7842,0.929883139,G0046,Boomer,OTA,None,2,Couple,0,None,7561.62,280.38
7824.59,0.931552588,G0337,Gen Z,OTA,None,1,Solo,0,None,7447.53,377.06
7654.39,0.933222037,G0031,Millennial,OTA,None,2,Group,0,Dairy-Free,7136.24,518.15
7580.34,0.934891486,G0075,Boomer,Travel Agent,None,1,Couple,0,None,7272,308.34
7537.66,0.936560935,G0231,Gen Z,OTA,None,2,Solo,0,None,7233.36,304.3
7450.46,0.938230384,G0346,Millennial,OTA,None,1,Couple,0,Dairy-Free,6917.76,532.7
7010.41,0.939899833,G0487,Millennial,OTA,None,1,Group,0,None,6850.56,159.85
6931.31,0.941569282,G0565,Boomer,OTA,None,1,Solo,0,None,6596.1,335.21
6818.47,0.943238731,G0119,Millennial,Corporate,None,1,Couple,0,None,6533.61,284.86
6807.27,0.944908180,G0468,Millennial,OTA,None,2,Solo,0,None,6448.23,359.04
6600.23,0.946577629,G0080,Gen Z,Corporate,Silver,2,Solo,0,None,6125.34,474.89
6594,0.948247078,G0188,Gen X,Corporate,Silver,2,Couple,0,None,6129.75,464.25
6397.09,0.949916528,G0569,Gen X,Corporate,None,1,Group,0,None,6146.01,251.08
6365.88,0.951585977,G0195,Millennial,OTA,None,2,Couple,0,None,5974.940000000,390.94
6101.43,0.953255426,G0353,Millennial,OTA,None,1,Couple,0,Vegan,5770.68,330.75
6080.6,0.954924875,G0488,Gen Z,Corporate,None,1,Couple,0,Vegetarian,5881.46,199.14
5622.62,0.956594324,G0054,Millennial,OTA,None,1,Group,0,None,5501.4,121.22
5202.68,0.958263773,G0288,Millennial,Corporate,None,1,Group,0,Nut Allergy,5049.6,153.08
5165.05,0.959933222,G0445,Millennial,Corporate,Silver,2,Couple,0,Dairy-Free,4954.38,210.67
4897.23,0.961602671,G0033,Boomer,Direct,None,1,Solo,0,Vegetarian,4766.24,130.99
4783.68,0.963272120,G0221,Gen Z,OTA,None,1,Couple,0,Vegan,4456.2,327.48
4762.37,0.964941569,G0254,Millennial,OTA,None,1,Group,0,None,4415.36,347.01
4461.41,0.966611018,G0475,Gen X,Corporate,None,1,Solo,0,Gluten-Free,4209.81,251.6
3942.31,0.968280467,G0171,Gen X,OTA,None,1,Group,0,Kosher,3723.98,218.33
3707.2,0.969949917,G0426,Millennial,OTA,None,2,Couple,0,None,3458.72,248.48
3660.16,0.971619366,G0519,Millennial,OTA,None,1,Group,0,Halal,3295.92,364.24
3541.98,0.973288815,G0292,Millennial,Corporate,None,2,Solo,0,Gluten-Free,3372.18,169.8
3459.48,0.974958264,G0323,Boomer,Direct,Silver,2,Solo,0,None,3209.32,250.16
3300.31,0.976627713,G0115,Gen Z,OTA,None,1,Couple,0,None,3097.82,202.49
3013.35,0.978297162,G0079,Gen Z,OTA,None,1,Group,0,None,2924.04,89.31
2870.27,0.979966611,G0439,Millennial,OTA,None,1,Couple,0,None,2807.28,62.99
2785.41,0.981636060,G0018,Millennial,Direct,None,1,Solo,0,Kosher,2632.68,152.73
2371.78,0.983305509,G0059,Gen Z,OTA,None,1,Couple,0,Gluten-Free,2166.01,205.77
2368.82,0.984974958,G0466,Millennial,Corporate,None,1,Solo,0,Vegetarian,2208.24,160.58
1872.28,0.986644407,G0441,Gen Z,OTA,None,1,Group,0,None,1753.08,119.2
1792.79,0.988313856,G0015,Boomer,Direct,None,1,Couple,0,Vegetarian,1663.12,129.67
1667.62,0.989983306,G0143,Gen Z,OTA,None,1,Solo,0,Gluten-Free,1584.66,82.96
1630.08,0.991652755,G0529,Gen X,Direct,None,1,Couple,0,None,1349.19,280.89
1376.06,0.993322204,G0395,Gen X,Corporate,None,1,Couple,0,Gluten-Free,1318.3,57.76
1284.36,0.994991653,G0102,Gen Z,OTA,None,1,Solo,0,None,1209,75.36
1097.45,0.996661102,G0416,Gen Z,OTA,None,1,Group,0,None,1011.2,86.25
810.56,0.998330551,G0124,Gen Z,Direct,None,1,Couple,0,Gluten-Free,766.96,43.6
808.67,1,G0240,Gen Z,OTA,None,1,Group,0,None,748.92,59.75
